x1,y1,x2,y2
4.835148379840414,7.810997105445092,5.484946659124441,7.794804630664623
4.831972487009019,7.69852147429128,5.481651904978642,7.678109373305513
4.828042210003696,7.584234791251977,5.47759210210247,7.560049306463161
4.823414692154405,7.468186547505101,5.472831246064497,7.440652214254745
4.81814768604116,7.350425320482619,5.467432723183224,7.319946794543385
4.812299470045608,7.230998836479673,5.461459393975535,7.197962596329036
4.805928777439416,7.10995403043967,5.454973664068284,7.074729959963379
4.7990947362215035,6.987337102489439,5.4480375443610765,6.950279960614676
4.791856818164898,6.863193571006731,5.440712701979407,6.824644355200277
4.784274795753351,6.73756832215238,5.433060503338048,6.697855532854434
4.776408705879318,6.610505655905657,5.425142050443068,6.569946468892969
4.7683188193407435,6.482049328714605,5.417018211395046,6.440950682162934
4.760065615316938,6.352242592922171,5.408749645913195,6.310902195616463
4.751709760126271,6.221128233160018,5.400396826577669,6.179835499917003
4.743312089673009,6.088748599919856,5.392020056382729,6.047785519867925
4.734933595079642,5.9551456405210885,5.3836794831044035,5.914787583444916
4.726635411076728,5.8203609276956705,5.375435110910667,5.780877393211126
4.71847880678629,5.684435686009007,5.367346809578008,5.646090999896229
4.710525178589025,5.547410816330773,5.35947432162426,5.510464777925648
4.702836044811091,5.40932691856268,5.351877267621788,5.374035402692762
4.695473042004622,5.270224312822707,5.3446151499169865,5.236839829374688
4.68849792262798,5.130143059277264,5.3377473549500065,5.098915273100102
4.681972553958427,4.989122976805027,5.331333154342121,4.96029919028543
4.675958918091477,4.847203660668591,5.325431704896329,4.821029260963157
4.6705191128990915,4.7044244993633315,5.320102047639201,4.681143371933014
4.665715353832655,4.560824690806412,5.315403106017876,4.540679600572919
4.661609976467636,4.4164432580234845,5.311393683355405,4.399676199152314
4.658265439694581,4.271319064485494,5.3081324596597685,4.25817157949535
4.655744329466339,4.125490829243735,5.3056779878766385,4.1162042978458215
4.654109363014186,3.978997142007438,5.304088689673268,3.973813039789594
4.653423393445958,3.831876478304567,5.303422850840339,3.8310366050937903
4.653749414637711,3.684167214863242,5.303738616400321,3.6879138923253882
4.655150566326602,3.535907645347787,5.30509398551458,3.5444838831151517
4.6576901393071095,3.3871359965798686,5.3075468062871645,3.4007856259365092
4.661431580625069,3.237890445371039,5.31115477057076,3.2568582192729982
4.666438498654735,3.088209136088149,5.315975408889637,3.1127407940528635
4.672774667932936,2.9381301990670328,5.322066085605488,2.9684724952353636
4.680494389765789,2.7877553722249577,5.32948137164777,2.824030671640901
4.68956016791115,2.637358685000282,5.338209256216267,2.679243768752621
4.6998868051293385,2.4870155980426185,5.348175220616415,2.5341550756092666
4.711389331917414,2.3367817979269123,5.3593022847068665,2.388827985180657
4.723983144294834,2.186713279524757,5.371513102823862,2.2433255821399674
4.73758397213629,2.0368663622303655,5.384729995448434,2.0977106266377605
4.752107850224542,1.8872977042709729,5.39887497815352,1.9520455399915684
4.76747109199025,1.738064315686772,5.413869787864177,1.8063923917059734
4.783590265891176,1.589223570507263,5.429635906478346,1.6608128872962389
4.800382174378609,1.4408332186013946,5.446094581900449,1.5153683564381903
4.817763835402148,1.2929513976375253,5.463166846536601,1.3701197410082402
4.835652466414574,1.1456366455559535,5.4807735332897245,1.225127582610858
4.853965470855502,0.9989479139308061,5.498835289075916,1.0804520092166894
4.8726204271153115,0.8529445825790974,5.517272585860502,0.9361527205534891
4.891535080009712,0.7076864757622028,5.536005729183486,0.7922889719046522
4.910627334830078,0.5632338803182652,5.554954864109201,0.6489195559768094
4.929815254076107,0.41964756606262255,5.57403997849366,0.5061027824993857
4.949017057025993,0.2769888087966299,5.593180903414379,0.3638964552158014
4.968151122356459,0.13531941627239302,5.612297310550336,0.22235784591871977
4.987135994091915,-0.005298242528669533,5.631308706232842,0.0815436651714927
5.005890391240559,-0.14480120443320435,5.650134421809405,-0.058489970654462715
5.024333221567814,-0.28312587504596903,5.668693599870303,-0.1976875764096193
5.042383600066532,-0.4202079872574615,5.686905175778402,-0.3359943396587067
5.059960872812309,-0.5559825548859603,5.70468785381381,-0.4733561670386783
5.07698464704502,-0.6903838210498051,5.721960077092362,-0.6097197358864225
5.093374828498417,-0.823345200876577,5.73863999023602,-0.74503255152959
5.109051667213941,-0.9547992181847258,5.754645393559049,-0.8792430106049594
5.123935813328355,-1.0846774358288724,5.769893687280392,-1.0123004707131351
5.137948384623928,-1.2129103794940657,5.784301803973494,-1.144155326624306
5.151011047981492,-1.339427454872476,5.797786127113226,-1.2747590931015271
5.163046117287609,-1.4641568583796223,5.810262393168743,-1.4040644941845108
5.1739766708229755,-1.5870254818942675,5.821645574215051,-1.532025558449723
5.183726691704279,-1.7079588124743492,5.831849737491177,-1.6585977192944554
5.192221235565337,-1.8268808286598932,5.84078787771901,-1.7837379186339133
5.199386630337994,-1.943713895887335,5.848371717322413,-1.9074047114868884
5.205150713708809,-2.0583786647911584,5.854511468970541,-2.0295583676741273
5.209443114544252,-2.1707939778638443,5.859115554152625,-2.150160965158381
5.212195585224586,-2.2808767922155546,5.86209027084412,-2.269176467284714
5.2133423922881335,-2.388542129180326,5.863339402862412,-2.3865707731743235
5.212820772878661,-2.493703065441835,5.862763763419435,-2.5023117265987596
5.21057146392673,-2.596270785402842,5.860260665940345,-2.616369063610488
5.206539309362675,-2.696154720897871,5.85572331685051,-2.7287142728302225
5.200673947353486,-2.793262812201025,5.849040128338654,-2.839320334439085
5.192930573743306,-2.8875019336362877,5.840093954916343,-2.9481612945683233
5.183270768445457,-2.978778537724501,5.828761267025966,-3.0552116211523255
5.17166335707923,-3.066999583003189,5.8149112894039385,-3.1604452761087947
5.158085259035016,-3.152073820968547,5.798405153015575,-3.263834428396769
5.142522243737659,-3.2339135243749273,5.779095138791744,-3.3653477257171187
5.124969477970755,-3.3124367380928748,5.756824130304562,-3.4649480436545366
5.1054316988788075,-3.3875701184823175,5.731425440765229,-3.5625896463043194
5.083922792615014,-3.4592523891567124,5.702723234376262,-3.658214730508244
5.060464505285988,-3.5274383698749037,5.670533815386752,-3.75174939696269
5.035083975724407,-3.592103421436345,5.634668095319733,-3.8430992053234405
5.007809782414403,-3.653247988261921,5.594935546046779,-3.932144631624833
4.978666271461791,-3.7109017195596956,5.551149871817789,-4.018736947114038
4.947666112918501,-3.765126438880236,5.503136452936543,-4.102695248695719
4.9148013414869975,-3.8160170687100803,5.45074130505628,-4.183805534338566
4.880033563575758,-3.863699587304893,5.3938408721242315,-4.261822746242142
4.843284487623845,-3.908325293222993,5.3323514960570515,-4.336476506303364
4.804428323000643,-3.9500611394572704,5.266237017841055,-4.407480781984562
4.763287715158367,-3.989076645858882,5.1955128423797445,-4.474546973889819
4.719634585475458,-4.0255287512426685,5.120245098650385,-4.5373990636595165
4.673196485557742,-4.0595466617502725,5.040544285402859,-4.595788765607245
4.623668004842929,-4.0912190107641315,4.956553863555167,-4.6495083668057955
4.570725699641589,-4.120585310697074,4.868435327152447,-4.698399275297572
4.514044296384024,-4.147632813657385,4.776352000120103,-4.742355159429515
4.453311793549731,-4.172298783245676,4.680453934334355,-4.781319676056242
4.388222255076854,-4.194483519567778,4.58088576641235,-4.815273960376815
4.3178976088209975,-4.214292001212495,4.478535115791788,-4.844129751235634
4.242191701129717,-4.231719627329038,4.373956510743423,-4.868224171654892
4.161431756451977,-4.246689341514318,4.267287910530182,-4.88801178353843
4.075964032018836,-4.259175834031773,4.1586482416329,-4.903895402123589
3.986140132593305,-4.2691981833531605,4.048151083000458,-4.916233454439367
3.89230865344592,-4.276812027343508,3.935913023074201,-4.925347808121501
3.7948104961446423,-4.282102348747605,3.822058343998068,-4.931530985925976
3.693976575530408,-4.2851772989169135,3.706721314643007,-4.935052342002084
3.5901270045666513,-4.28616313231248,3.5900470057574787,-4.936163127389549
3.483571140798888,-4.285200160564571,3.4721912435078557,-4.935100535958867
3.3746080951036554,-4.282439574707749,3.3533201007294937,-4.932090882176245
3.263527452638857,-4.2780409761691525,3.233609175976378,-4.927352070115304
3.1506100544141233,-4.272170472181533,3.113242811950772,-4.921095498044063
3.0361287508315415,-4.264999214356896,2.9924133419624743,-4.913527519851275
2.9203490775215264,-4.256702282909659,2.8713204140929656,-4.904850560823293
2.8035298270576146,-4.24745784040848,2.750170419480596,-4.89526396389222
2.685923503254896,-4.237446497053174,2.629176038022169,-4.884964624359013
2.5677766513897544,-4.226850844413918,2.508555908153188,-4.874147456154247
2.4493300601468437,-4.215855126858576,2.388534424900895,-4.863005720410836
2.3308188308365243,-4.204645030206222,2.2693416706668166,-4.851731236810465
2.212472307281677,-4.193407576200995,2.1512134853399645,-4.840514489109761
2.094513856216208,-4.182331119942612,2.034391685898322,-4.829544627709769
1.9771987887625269,-4.171606592480757,1.9190770962609762,-4.819002814944833
1.860926751244848,-4.161369487687876,1.8050556353946725,-4.808963819359839
1.7456997370068927,-4.151638677204337,1.692200257915734,-4.799433247833772
1.6314470988503547,-4.142421984215054,1.5804394529277581,-4.79041752436748
1.518098444676233,-4.133727277040933,1.4697014544350373,-4.781923027825828
1.4055836465113294,-4.12556246354007,1.3599142323160591,-4.773956097536472
1.2938328473949037,-4.117935484480336,1.2510054854368562,-4.766523039917313
1.1827764658573643,-4.11085430593324,1.1429026371723103,-4.759630136082603
1.0723451977478327,-4.104326910769225,1.035532833578598,-4.753283650347659
0.9624700152013858,-4.098361289365039,0.9288229444259198,-4.747489839521501
0.8530821625797326,-4.09296542966359,0.8226995672578646,-4.742254962846982
0.7441131492702071,-4.088147306754384,0.7170890345923888,-4.73758529242036
0.6354947392866602,-4.083914872166861,0.6119174243209325,-4.733487123897957
0.5271589376802966,-4.080276043088502,0.5071105732975824,-4.729966787278058
0.41903797383722713,-4.077238691733237,0.4025940940415182,-4.727030657532495
0.3110642818101853,-4.074810635092468,0.298293394405297,-4.72468516485563
0.2031704779021561,-4.07299962530028,0.19413369999122598,-4.722936804299135
0.09528933578699286,-4.071813340835719,0.0900400790307418,-4.721792144569738
-0.01264624048606702,-4.071259378768346,-0.014062530620102518,-4.721257835783634
-0.12070324520324155,-4.071345248229301,-0.11824929276979695,-4.721340615995452
-0.22894860096797834,-4.072078365259133,-0.22259544290960329,-4.722047316350402
-0.3374491894775304,-4.073466049147434,-0.32717625743697815,-4.723384864744652
-0.4462718825997886,-4.075515520338828,-0.43206702257873947,-4.72536028791935
-0.5554835732514299,-4.078233899937011,-0.5373430035129184,-4.7279807119565564
-0.6651512055881675,-4.081628210795186,-0.6430794141785122,-4.731253361188834
-0.775341804041236,-4.085705380138863,-0.7493513882389949,-4.735185555576441
-0.8861225007701224,-4.090472243627675,-0.8562339516295884,-4.7397847066455
-0.9975605611482965,-4.095935550727895,-0.9638019970715315,-4.745058312115504
-1.1097234069543231,-4.102101971237895,-1.072130260880969,-4.751013949373842
-1.2226786370028742,-4.108978102786049,-1.181293302337938,-4.75765926797791
-1.3364940450163576,-4.1165704791047295,-1.2913654858147396,-4.765001981381096
-1.451237634605609,-4.124885578875606,-1.4024209657952482,-4.773049858087489
-1.5669776312949804,-4.133929834939917,-1.5145336748498197,-4.781810712441621
-1.6837824915910287,-4.143709643672478,-1.6277773145666004,-4.7912923952544375
-1.8017209091530046,-4.154231374329135,-1.7422253493810593,-4.801502784455848
-1.9208618181759036,-4.165501378193099,-1.857951003192907,-4.812449775948419
-2.041274033942816,-4.177525957476852,-1.9750276012332162,-4.824141306933739
-2.1629107087764026,-4.190287702378291,-2.0935768675218234,-4.836579291722361
-2.285642683279558,-4.203722227299876,-2.213583405203573,-4.849715617701952
-2.4093844931360207,-4.217762154413238,-2.3349434495567887,-4.863485416369036
-2.534049487110582,-4.232340384379563,-2.457554422778745,-4.877823540730577
-2.6595499353873464,-4.2473900470219075,-2.5813148256474028,-4.892664614631681
-2.7857971220139635,-4.262844461993068,-2.70612414507718,-4.907943072087703
-2.91270142332454,-4.2786371076165075,-2.831882775696032,-4.923593188443334
-3.0401723739300532,-4.294701596473408,-2.958491953855048,-4.939549104785544
-3.168118721613358,-4.310971656624314,-3.0858537027334396,-4.955744846721954
-3.2964484722433616,-4.327381117607843,-3.213870787424363,-4.972114338382091
-3.425068925626074,-4.343863900566086,-3.342446679083875,-4.988591412292024
-3.5538867030354973,-4.360354012018003,-3.471485527400041,-5.005109815600952
-3.682807767011304,-4.37678554094777,-3.6008921407952488,-5.021603212992845
-3.811737433869804,-4.393092659001857,-3.730571973915259,-5.038005186489396
-3.9405803792469025,-4.409209623702939,-3.860431122086226,-5.054249232236083
-4.069240636874207,-4.425070784696025,-3.99037632253861,-5.070268754256048
-4.19762159067975,-4.440610593147054,-4.120314962306447,-5.08599705505151
-4.325625960201351,-4.4557636145213575,-4.250155092813981,-5.101367322825297
-4.453155779201805,-4.470464545083275,-4.37980545126048,-5.1163126149812195
-4.580112367279957,-4.484648232583534,-4.509175489009165,-5.1307658374367024
-4.706396294179738,-4.49824970174284,-4.638175407278174,-5.144659719139201
-4.831907336410727,-4.511204185304266,-4.76671620051999,-5.157926781013798
-4.9565444257097715,-4.52344716162012,-4.894709707959822,-5.170499298376336
-5.080205588796029,-4.534914399968699,-5.0220686738405975,-5.182309255616676
-5.202787877805549,-4.545542015071964,-5.148706816988319,-5.193288291681011
-5.324187290742832,-4.555266532617729,-5.274538910360559,-5.203367634549686
-5.444298681264996,-4.564024967992182,-5.399480871262252,-5.212478022504657
-5.563015657134489,-4.571754920916086,-5.523449862893031,-5.22054960949333
-5.680230466758848,-4.578394689268098,-5.646364407807418,-5.227511851305197
-5.795833873411921,-4.583883406092117,-5.768144513693624,-5.2332933685645076
-5.909715017042216,-4.588161204643884,-5.888711811565217,-5.237821781683688
-6.021761264081551,-4.591169417358569,-6.0079897059524345,-5.241023511895716
-6.131858046455198,-4.592850815837058,-6.12590353589208,-5.2428235412678665
-6.239888692180037,-4.593149900368716,-6.242380744329325,-5.243145123178919
-6.345734251681507,-4.592013249134052,-6.357351051800809,-5.241909433116531
-6.449273326481773,-4.5893899390348,-6.470746627746426,-5.239035147847116
-6.550381910505974,-4.585232052006174,-6.582502249203104,-5.23443793910362
-6.648933259308428,-4.579495282516138,-6.692555431578591,-5.22802986608623
-6.744797809537922,-4.572139663452533,-6.800846509186161,-5.219718649575262
-6.837843180562947,-4.5631304282237855,-6.907318633619397,-5.2094068098304485
-6.927934303097236,-4.552439025798128,-7.011917645126618,-5.196990651551703
-7.0149337366879685,-4.540044301219001,-7.114591755122728,-5.1823590833637505
-7.098702259738477,-4.525933844772864,-7.21529095616644,-5.1653922686482785
-7.17909984260658,-4.510105495371575,-7.313966048862016,-5.145960122161587
-7.25598714551507,-4.492568953518235,-7.410567143948719,-5.123920697068733
-7.329227715782891,-4.473347410766334,-7.505041465069675,-5.099118555484373
-7.3986910868681495,-4.452479029123803,-7.59733024972885,-5.071383289068748
-7.464256992674167,-4.430017998895941,-7.687364534984977,-5.040528461184696
-7.525820883733897,-4.406034763834746,-7.775059641267165,-5.006351381748387
-7.583300835861605,-4.380614834366567,-7.860308263723219,-4.968634294001615
-7.636645735581383,-4.353855438559199,-7.942972286791115,-4.927147723544747
-7.685844267898022,-4.3258591441238865,-8.022873796428131,-4.881656856334698
-7.730933699735656,-4.296723624527896,-8.099786296672193,-4.831931772572348
-7.772006787470106,-4.266527080340382,-8.173427802109545,-4.777762025356705
-7.809306161999046,-4.235232992620908,-8.243374056648383,-4.7190563724142915
-7.843627795168694,-4.202327887112299,-8.308822351655927,-4.656303684500934
-7.875375184934483,-4.167566988189208,-8.369537340797743,-4.589827291453172
-7.9048165666328085,-4.1307375798469765,-8.425426544202233,-4.5199229486048
-7.932159650539544,-4.091605827933779,-8.476458007058346,-4.446907529436786
-7.9575482554576515,-4.049937258999231,-8.522663666027903,-4.371098546728646
-7.981066118210412,-4.005515237770011,-8.564135539752437,-4.2927956750828375
-8.002746202502328,-3.9581550181005833,-8.601016419992257,-4.212266699974029
-8.022583116527471,-3.907712241039021,-8.633487454018088,-4.129739019683288
-8.040546269522945,-3.854086013134782,-8.661754988057627,-4.045396566990289
-8.056591936790626,-3.7972175762496594,-8.686038502273819,-3.9593811393623772
-8.070673147212787,-3.7370859699476293,-8.70656072324918,-3.8717967365647077
-8.082746998209988,-3.6737020698620104,-8.723540309027957,-3.782715522293102
-8.092779502672213,-3.6071021241087338,-8.737187002184976,-3.6921842877607625
-8.100748353939082,-3.537341562274539,-8.747698864845418,-3.600230642710087
-8.106644098025518,-3.464489524707569,-8.755261106459175,-3.5068684861220674
-8.11047018891124,-3.3886243052695395,-8.760046028511319,-3.4121025634641233
-8.112242329459223,-3.30982972925697,-8.762213683603685,-3.3159320887688715
-8.111987407701442,-3.228192388682818,-8.761912939169104,-3.21835350935249
-8.109742249346475,-3.143799610525328,-8.759282724963796,-3.1193625375658693
-8.10555233320604,-3.056738021294286,-8.754453317640868,-3.0189555862283615
-8.099470559623008,-2.967092578603355,-8.747547572322226,-2.917130737055436
-8.091556121572749,-2.874945957148854,-8.738682051497323,-2.8138883546799134
-8.081873500901606,-2.780378196209043,-8.72796802878461,-2.709231439152663
-8.070491594894849,-2.683466534939779,-8.715512362363635,-2.60316579064697
-8.057482968145138,-2.5842853786516757,-8.701418243106534,-2.4957000431813547
-8.042923219235673,-2.4829063533244735,-8.685785827894913,-2.386845610105212
-8.026890449366592,-2.3793984168662488,-8.668712770993443,-2.2766165728396
-8.009464819549075,-2.2738280043670516,-8.650294666855737,-2.165029535623604
-7.990728183565463,-2.1662591912388796,-8.630625417164275,-2.0521034623743666
-7.970763785023342,-2.0567538630904534,-8.609797533776257,-1.9378595068122986
-7.949656008191865,-1.945371884826613,-8.587902387887356,-1.8223208433616969
-7.927490173704974,-1.8321712640990175,-8.565030414328417,-1.7055125037000511
-7.904352371541808,-1.7172083061173473,-8.541271278585114,-1.5874612219467905
-7.880329324895004,-1.6005377581539892,-8.516714012929615,-1.4681952901586766
-7.855508279593221,-1.48221294298948,-8.491447126998063,-1.3477444248843087
-7.82997691465321,-1.3622858811644982,-8.465558697238519,-1.2261396449121449
-7.803823270308361,-1.2408074023101952,-8.439136438882384,-1.1034131599401675
-7.777135690509002,-1.1178272460846743,-8.412267763444149,-0.9795982696394117
-7.750002777430027,-0.9933941533945548,-8.385039824213717,-0.8547292724323906
-7.722513355969586,-0.8675559486597506,-8.357539551757737,-0.7288413832283291
-7.6947564465924065,-0.7403596139104196,-8.329853681076298,-0.6019706593262018
-7.66682124517572,-0.6118513555045477,-8.302068771756973,-0.4741539336971625
-7.638797108765719,-0.4820766642346098,-8.27427122221837,-0.3454287548778695
-7.610773546357096,-0.35108036956081634,-8.2465472789306,-0.215833332737246
-7.582840213975412,-0.21890668867222562,-8.218983041332901,-0.08540648941537422
-7.555086913478197,-0.08559927103960928,-8.191664463032563,0.04581238522938423
-7.527603594600981,0.04879876091196035,-8.164677349758852,0.17778337429296742
-7.5004803598632455,0.18424477441565407,-8.138107354457091,0.3104660712130665
-7.473807472019793,0.32069659169394615,-8.11203996983728,0.44381961443807216
-7.4476753637980115,0.45811245746532603,-8.08656051863685,0.5778027199203585
-7.422174649703014,0.59645100810253,-8.061754141815468,0.7123737119580547
-7.397396139702225,0.7356712419318701,-8.037705784870539,0.8474905528957146
-7.373430854619431,0.8757324901722056,-8.014500182443062,0.98311087218534
-7.350370043077077,1.0165943880167365,-7.992221841375412,1.1191919953045972
-7.328305199824063,1.1582168453616515,-7.9709550223834835,1.2556909730281596
-7.307328085275727,1.3005600166836129,-7.950783720516751,1.3925646115502317
-7.287530746072068,1.4435842695639494,-7.931791644600015,1.529769503960348
-7.269005536430188,1.5872501513526065,-7.914062195880974,1.667262063579427
-7.251845140026504,1.7315183534607268,-7.897678446148026,1.8049985596671907
-7.236142592093564,1.8763496727690836,-7.882723115633422,1.94293515601373
-7.221991301354974,2.0217049696425624,-7.869278551078363,2.081027952925024
-7.209485071349688,2.1675451220510307,-7.8574267044087005,2.21923303310207
-7.198718120614187,2.3138309753172184,-7.847249112552751,2.3575065118930008
-7.18978510109823,2.46052328704605,-7.838826879025567,2.495804592363758
-7.182781114088022,2.607582666840992,-7.832240658005749,2.634083625581736
-7.17780172280186,2.754969510485723,-7.827570641739804,2.7723001764341255
-7.1749429628314925,2.9026435247222317,-7.824896544696857,2.910411498742677
-7.174268261309892,3.0503535221097664,-7.824265853922763,3.0485844552736667
-7.1757164061864325,3.1978802920216465,-7.825624489415826,3.186949447905289
-7.179197242803378,3.345180679830092,-7.8288980113741165,3.325459845197856
-7.184621068666869,3.492211800816508,-7.834011527831829,3.464068745802496
-7.191898624684536,3.6389309742050746,-7.840889703421667,3.6027290444275644
-7.200941082557884,3.7852956627254675,-7.8494567719824495,3.7413934922759116
-7.211660029190317,3.931263417462297,-7.859636552151117,3.880014752195465
-7.223967448864517,4.076791827667185,-7.871352465185316,4.018545448867137
-7.237775703840953,4.221838475150698,-7.88452755436491,4.156938214412885
-7.25299751393438,4.366360892831282,-7.899084505415477,4.295145729846804
-7.269545935539112,4.510316526993153,-7.914945667483039,4.433120762817211
-7.2873343404970266,4.65366270279161,-7.932033074266045,4.570816202101332
-7.306276395135256,4.796356592539069,-7.9502684649777065,4.708185089319291
-7.326286039742955,4.938355186305893,-7.969573304869186,4.845180648333253
-7.34727746870864,5.079615264374696,-7.989868805092316,4.981756312793141
-7.369165111500281,5.220093371092918,-8.01107594171945,5.117865752284028
-7.391863614640072,5.359745789675138,-8.033115473768737,5.253462897523901
-7.415287824803207,5.498528517511706,-8.055907960105303,5.388501965054929
-7.439352773155621,5.63639724154375,-8.079373775103555,5.522937481868509
-7.463973661038586,5.773307313264339,-8.103433122962556,5.656724310404116
-7.489065847108707,5.909213722901684,-8.128006050566025,5.78981767436606
-7.514544836050129,6.044071072331728,-8.153012458770158,5.922173185810942
-7.540326268991943,6.177833546253347,-8.178372111986194,6.053746873972412
-7.566325915788841,6.310454881139826,-8.204004645899769,6.1844952163097116
-7.592459669357547,6.441888331454046,-8.229829573134502,6.3143751722925066
-7.618643542307106,6.572086632581924,-8.255766286621682,6.443344220467407
-7.6447936661595195,6.7010019598987745,-8.281734060379632,6.5713603993916285
-7.670826293530753,6.828585883335749,-8.307652047332715,6.698382353066548
-7.696657803733997,6.954789316758906,-8.333439273708086,6.8243693815586495
-7.7222047123811155,7.0795624614115455,-8.359014629434212,6.949281497557156
-7.747383685699503,7.202854742602458,-8.38429685382403,7.073079489685817
-7.772111560456076,7.324614738749673,-8.409204515650952,7.195724993459134
-7.796305370595778,7.444790101814266,-8.433655986510374,7.317180570848564
-7.819882381968155,7.5633274680855545,-8.45756940609308,7.437409799497323
-7.842760136844126,7.68017235821438,-8.480862637668485,7.5563773726871
-7.864856510330197,7.7952690653449,-8.503453211670417,7.67404921120627
-7.886089781286364,7.908560530182133,-8.525258254779205,7.790392588282345
-7.906378720967526,8.019988201874037,-8.546194401280294,7.90537626869991
-7.925642703360052,8.129491883714286,-8.566177682727647,8.018970663097813
-7.94380184210286,8.237009562930178,-8.58512339102268,8.131147998181293
-7.96077715999508,8.342477224272793,-8.602945908906582,8.241882503131796
-7.976490798430011,8.445828647863873,-8.619558500526406,8.351150611760126
-7.9908662756827,8.546995192901386,-8.634873053147425,8.458931178800837
-8.003828804829851,8.645905570557662,-8.64879975923327,8.56520570701413
-8.015305684182925,8.74248561195827,-8.661246726012822,8.66995857920698
-8.025226775408271,8.836658040827428,-8.672119497360057,8.77317728558769
-8.03352508684679,8.928342265651706,-8.681320470474407,8.874852631602232
-8.04013748164387,9.01745421359429,-8.688748187750827,8.97497890401995
-8.045005531645575,9.103906238566653,-8.694296482883573,9.073553962861896
-8.048076537743615,9.187607149625642,-8.697853460521273,9.17057921300377
-8.049304734066157,9.268462424049462,-8.69930029207609,9.266059391099882
-8.048652684965425,9.346374692761222,-8.698509818736142,9.360002080159672
-8.046092866977702,9.421244614428723,-8.695344969505474,9.452416835447863
-8.041609398403663,9.492972287644061,-8.68965703162374,9.543313772304888
-8.035199831144656,9.561459384900385,-8.681283858729934,9.632701432170144
-8.026876846339782,9.626612220546829,-8.67004817522528,9.720583714627015
-8.016669591225027,9.688345974271256,-8.655756239414126,9.806955653920182
-8.004624257556575,9.746590260125503,-8.638197265080628,9.891797849930333
-7.9908033402546845,9.801296126972403,-8.617144162844854,9.975069467727167
-7.975282856795284,9.852444360358488,-8.592356320771215,10.0566999356967
-7.958146712614406,9.900054592278769,-8.563585238964004,10.136579835776432
-7.939477463064347,9.944194205363837,-8.530583767611258,10.214551999268314
-7.91934307480998,9.98498539896131,-8.493119345588443,10.290404440757268
-7.8977800405987715,10.022608232749711,-8.45099088568842,10.363867314497288
-7.874774358874787,10.057297269221152,-8.404047795007466,10.434616271928817
-7.8502432448741235,10.089329948901923,-8.352208263849805,10.502284086458072
-7.824021507763004,10.119006278398672,-8.295472888589556,10.56648096541095
-7.795856657888987,10.146621644107864,-8.233929564419485,10.626821736323517
-7.765243987665685,10.17258520369442,-8.16793421990881,10.68282100884335
-7.731312257321367,10.197507601405034,-8.098382122302246,10.733939996234914
-7.693746198507107,10.221448936602522,-8.02571902421921,10.78028168706434
-7.652333683189952,10.244366228441544,-7.950289099305105,10.822053488131116
-7.606933587314483,10.266172375161892,-7.872365517227815,10.859506927149626
-7.55747220089436,10.28675917518541,-7.792154033586122,10.892914631652175
-7.503934090852816,10.306015133702772,-7.709802127069258,10.922552522402263
-7.446350607202548,10.323837624151077,-7.625410493276974,10.94868765191695
-7.384788312187955,10.340140091830822,-7.539044615577329,10.971571000849888
-7.319338657407519,10.354855451800681,-7.450745087984288,10.991434080096568
-7.250109481613841,10.367936863665971,-7.360536117357715,11.00848815600585
-7.177218411762311,10.379356878956967,-7.268432122354675,11.022925103001606
-7.100787984136931,10.389105703724265,-7.17444261230361,11.034919140987402
-7.020942192803218,10.39718908169454,-7.078575638751471,11.044628952190736
-6.937804155994413,10.403626114323474,-6.980840129077456,11.052199861110063
-6.851494621211971,10.408447198004934,-6.881247381392576,11.057765897305698
-6.762131077905193,10.411692167870697,-6.779811951859982,11.06145165160002
-6.669827296700152,10.413408680933069,-6.676552115466055,11.063373892934885
-6.574693158826174,10.41365083840299,-6.571490036593922,11.063642946053509
-6.476834676059641,10.412478029651934,-6.464651749079661,11.062363847538586
-6.3763541300882896,10.40995397256658,-6.356067016847986,11.059637305457592
-6.273350281702694,10.406145922975927,-6.245769124720773,11.05556048993569
-6.167918615982298,10.401124026839954,-6.133794633231043,11.050227680967081
-6.060151600960545,10.394960791393512,-6.020183119957796,11.043730797271042
-5.950138945240455,10.387730654507846,-5.904976921910477,11.036159826930513
-5.8379678455790875,10.3795096346463,-5.788220887944475,11.027603177436305
-5.723723219250812,10.37037504668727,-5.669962146397874,11.018147959864182
-5.607487918544501,10.360405271450203,-5.550249890594261,11.007880219348857
-5.489342926421797,10.349679568959235,-5.429135183184449,10.996885121820355
-5.369367533430463,10.338277927327507,-5.306670779233121,10.985247105119708
-5.247639496619713,10.326280940677318,-5.182910967303527,10.97305000107876
-5.124235181577505,10.313769710769952,-5.057911427420156,10.960377133890406
-4.999229688897569,10.300825768045398,-4.931729104601739,10.947311399068797
-4.872696966450961,10.287531008606901,-4.8044220965896685,10.93393532646487
-4.74470990882849,10.273967644361022,-4.676049554405594,10.920331130126208
-4.615340445266448,10.260218164071597,-4.5466715944256775,10.906580747243153
-4.48465961728962,10.246365303528613,-4.416349220737589,10.892765867979872
-4.3527376472157755,10.232492023391895,-4.2851442566360145,10.878967957630696
-4.219643998574076,10.218681493560116,-4.153119284204246,10.865268272251122
-4.085447429401393,10.205017083151835,-4.020337591017864,10.851747868676748
-3.9502160392992582,10.191582355377317,-3.886863123087795,10.83848760965147
-3.8140173110619684,10.178461066736432,-3.752760443232194,10.825568164629576
-3.676918147624562,10.16573717010563,-3.61809469412848,10.813070006688786
-3.53898490502848,10.153494821381148,-3.482931565347668,10.80107340588702
-3.400283422063082,10.14181838943031,-3.347337263712846,10.789658419311108
-3.260879047212799,10.130792469171078,-3.211378486352044,10.778904877997258
-3.1208366635225295,10.120501897654211,-3.0751223958328144,10.76889237084887
-2.980220711988039,10.111031773064088,-2.938636596771849,10.75970022563573
-2.839095214083238,10.1024674765842,-2.8019891133076897,10.751407487128498
-2.6975237940525063,10.094894697092002,-2.6652483668084126,10.744092892403888
-2.5555697016233627,10.088399458654917,-2.528483153158969,10.737834843348642
-2.413295835832639,10.083068150794135,-2.3917626189349526,10.732711376395725
-2.270764770707693,10.078987561464144,-2.2551562357214703,10.728800129544807
-2.128038783601989,10.076244912661886,-2.1187337717775185,10.726178306753118
-1.9851823026635878,10.074927868207078,-1.982562833552682,10.724922590017629
-1.8424708485088803,10.075087266439242,-1.8464900872472179,10.7250748399512
-1.7000911564491155,10.076664792382243,-1.7104230277051564,10.726582673684447
-1.5580862453702742,10.079582472518808,-1.5744079389318544,10.729377518913655
-1.41649918391937,10.08376263790597,-1.4384910551716255,10.733390498760802
-1.2753731225630145,10.089127909667809,-1.3027185288491925,10.738552446280835
-1.1347513233039197,10.095601184392066,-1.1671364008531744,10.744793919065007
-0.99467718739753,10.103105619700317,-1.0317905728194587,10.75204521367076
-0.8551942814121254,10.11156462022366,-0.896726781071095,10.760236379646003
-0.716346361974177,10.120901824185282,-0.7619905718729463,10.76929723294657
-0.5781773995375844,10.13104109076674,-0.6276272776624437,10.779157368569912
-0.4407316015117304,10.141906488417042,-0.4936819939215341,10.789746172246033
-0.3040534350797817,10.153422284251818,-0.3601995563583858,10.800992831038318
-0.16818765003602387,10.16551293468446,-0.2272245180700433,10.81282634271239
-0.0331793019697816,10.178103077431754,-0.09480112635851222,10.825175523730469
0.10092622387607167,10.19111752504356,0.037026701127746975,10.837969015721706
0.23408318774154455,10.204481260119646,0.1682154012573959,10.851135290265347
0.3662454691458139,10.218119432397273,0.29872179161992507,10.864602651803143
0.49736653900159666,10.231957357921377,0.4285030984112874,10.878299238469175
0.6273994296971077,10.245920520545596,0.5575169863519343,10.892153020588815
0.756296702784779,10.25993457605859,0.6857215909981033,10.90609179655241
0.8840104139044307,10.273925359286997,0.8130755538186425,10.92004318571234
1.0104920745569128,10.28781889459596,0.9395380604213709,10.933934617882473
1.1356926103335303,10.301541410292534,1.06506888232365,10.947693318934755
1.2595623151987094,10.315019357538882,1.1896284226697256,10.961246291886054
1.3820508014208006,10.328179434504099,1.3131777662999118,10.974520292746279
1.5031069447522496,10.340948616629552,1.4356787345704332,10.987441800253075
1.6226788244802823,10.353254194056557,1.557093945302733,10.999936978444133
1.7407136580094642,10.365023817472279,1.6773868782009123,11.011931630811306
1.8571577297068196,10.376185553874869,1.7965219460066144,11.023351144535454
1.9719563138507337,10.386667954048093,1.9144645715501267,11.034120423011831
2.08505359169274,10.396400133874648,2.0311812706885806,11.044163804536739
2.196392562888128,10.40531187201186,2.146639740875355,11.053404964631868
2.30591495190559,10.413333726907341,2.2608089547504284,11.06176679902862
2.4135611105256114,10.420397176647693,2.3736592576419806,11.069171283819404
2.5192699182311094,10.426434785706748,2.4851624671757655,11.075539308709404
2.6229786832454316,10.431380403280103,2.5952919722371037,11.080790478682035
2.724623048263438,10.435169398534871,2.7040228272398004,11.084842878749186
2.824136906652611,10.437738938722147,2.8113318359250465,11.087612795838789
2.9214523371977843,10.439028316617096,2.9171976166166744,11.089014391354683
3.0164995684735554,10.438979334043731,3.021600637848753,11.088959317651865
3.1092069878205755,10.437536748115257,3.124523209389302,11.087356271796146
3.1995012148521784,10.43464878598836,3.225949408733655,11.084110480809853
3.2873072655854902,10.430267731971194,3.3258649169733547,11.07912311456384
3.37254884077122,10.424350587148917,3.424256730466362,11.072290626151966
3.4551487807375496,10.416859795493346,3.5211127059931613,11.063504025781432
3.5350297387355605,10.407764020658723,3.616420887411339,11.052648103976987
3.6121151345663693,10.397038943054438,3.710168552028438,11.03960063450827
3.6863304586099765,10.38466802590525,3.8023409065731473,11.024231608329535
3.7576050005618855,10.370643170538754,3.8929193584586175,11.006402578292187
3.8258740729886647,10.354965144354157,3.9818792922269566,10.98596623117605
3.891081781173889,10.337643620572836,4.069187299703249,10.962766347938741
3.9531843497879198,10.318696620508968,4.1547978533258085,10.9366383614451
4.012153944883033,10.29814910487648,4.238649484151025,10.907410765160222
4.0679828191363026,10.276030435171776,4.3206606366104925,10.874907651766698
4.120687457367342,10.252370441525331,4.400725522993264,10.83895264531308
4.170312218614306,10.227193917660024,4.478710481369859,10.799374406255499
4.216931790709519,10.200513544422206,4.554451521016619,10.756013707926611
4.260651648339571,10.172321535040217,4.627753864355619,10.708731791277087
4.301605711822284,10.142580679787905,4.698394288177716,10.657419320212096
4.301605711822284,10.142580679787905,4.698394288177716,10.657419320212096
4.34024361436584,10.11099560440486,4.765868930015022,10.602262426690402
4.3770427193175045,10.077236849393243,4.829786491787166,10.543630541985605
4.412171742221747,10.041177193200411,4.890099396848195,10.481728162945416
4.445763620996155,10.002681905878857,4.946795846179045,10.416767294812447
4.477915262462458,9.961618369194305,4.999900071856519,10.348957831116074
4.508690152343933,9.917864420276588,5.049469727055856,10.278499210021549
4.53812307596266,9.871314695822214,5.0955911653534995,10.205574070127447
4.566226046655919,9.821884679605436,5.138373512310702,10.130344202954625
4.5929945851172,9.769512535988367,5.177942386132484,10.052948719436044
4.618413671042879,9.714159077229446,5.214433946021006,9.973504082608375
4.642462921576113,9.655806343946761,5.247989713731622,9.892105527148608
4.665120775906434,9.594455295430862,5.278752388973341,9.808829369061293
4.686367644409653,9.530123047263311,5.306862700268859,9.723735768059958
4.706188100919274,9.462839996781666,5.332457212683202,9.636871602102138
4.724572262184881,9.392647072626378,5.355666948365312,9.548273217842478
4.741516521817353,9.319593251610284,5.3766166526028325,9.45796891376323
4.757023801421076,9.243733412959722,5.3954245426898995,9.365981085933145
4.771103461642039,9.16512654800287,5.41220239687905,9.27232801831914
4.783770989657221,9.083834310102853,5.4270558668918305,9.177025332853185
4.795047553012739,8.999919870953848,5.440084924080639,9.080087133136187
4.804959485848753,8.913447041064465,5.451384373203849,8.981526883954647
4.813537753754102,8.824479610734732,5.46104438757114,8.881358070303607
4.820817427977453,8.73308087032429,5.469151034832373,8.779594677118528
4.826837188094593,8.639313273156946,5.475786774310284,8.676251526370697
4.831638863856278,8.543238209732475,5.481030915152632,8.571344502855428
4.835267021134883,8.444915867245356,5.484960030385577,8.464890694673336
4.8377685930265795,8.344405153318645,5.487648325811467,8.356908469496462
4.839192554725908,8.241763667155864,5.489167965134286,8.247417503416367
4.839589639356207,8.137047704941015,5.489589354129214,8.136438775544146
4.8390120911974135,8.030312289302515,5.488981387414847,8.023994538546475
4.837513452469637,7.921611215067099,5.487411661669593,7.910108272891712