x,y,yaw
4.572875787542032,10.333628195199054,-0.7387240412294156
4.707879102974214,10.189438614342862,-0.8970489001978103
4.8221126523091495,10.022820691598337,-1.0401552072176092
4.917029941959875,9.834701628205995,-1.1638137362763095
4.994084478339429,9.626008625406351,-1.2673795724712669
5.054729767860852,9.397668884439927,-1.3524060805315428
5.100419316937178,9.150609606547235,-1.4213453738458677
5.132606631981446,8.885757992968795,-1.4767489345814513
5.152745219406693,8.60404124494512,-1.5209008110621982
5.162288585625957,8.30638656371673,-1.5557049537199856
5.162690237052276,7.993721150524139,-1.5826912508960431
5.155403680098688,7.666972206607867,-1.6030651307577222
5.141882421178229,7.327066933208428,-1.6177658175342486
5.123579966703939,6.97493253156634,-1.6275194932592476
5.101949823088853,6.611496202922121,-1.6328833506254206
5.07844549674601,6.2376851485162845,-1.6342805003402356
5.054520494088447,5.854426569589348,-1.6320270554400598
5.031628321529203,5.462647667381832,-1.6263529850213574
5.011222485481316,5.06327564313425,-1.617418202006401
4.99475649235782,4.657237698087119,-1.6053251164544584
4.983683848571756,4.2454610334809555,-1.5901286610085565
4.97945806053616,3.828872850556278,-1.571844614957817
4.983532634664072,3.408400350553603,-1.5504569233012049
4.997353478265428,2.984971856888155,-1.5259600990458722
5.021768236024964,2.559604039610133,-1.50102324288576
5.056031133687314,2.1335488721223617,-1.480094250065277
5.098296315748253,1.7082207790195605,-1.4633927257795951
5.14662060087268,1.2850485571959944,-1.450760655040542
5.199060807725494,0.8654610035459273,-1.4421210740850847
5.253673754971598,0.45088691496362154,-1.437483983703385
5.3085162612758925,0.04275508834334074,-1.4369553265076944
5.361645145303276,-0.3575056794206525,-1.440750445636394
5.411117225718651,-0.7484665914340946,-1.4492136715558785
5.454989321186915,-1.1286988508027223,-1.4628460675629036
5.491318250372973,-1.4967736606322726,-1.4823438197574752
5.518160831941722,-1.851262224028482,-1.508650045057864
5.533573884558064,-2.1907357440970876,-1.543022263282176
5.535614226886899,-2.513765423943827,-1.5871147986447556
5.522338677593127,-2.8189224666744352,-1.6430660905219963
5.4918040553416505,-3.1047780753946492,-1.7135570774939741
5.442067178797369,-3.3699034532102066,-1.801753854303717
5.371184866625182,-3.6128698032268436,-1.9109508452350665
5.27721393748999,-3.832248328550297,-2.043617659389162
5.158211210056695,-4.026610232286305,-2.1996179994303406
5.012233502990198,-4.194526717540602,-2.374056533969882
4.837337634955397,-4.334568987418925,-2.5565590363192223
4.631580424617194,-4.445308245027014,-2.7339313845840225
4.39349663992063,-4.525694149603899,-2.8913776145617387
4.124580297372577,-4.577019591803979,-3.009626785098504
3.8296094428265426,-4.603177865922383,-3.0936620699200805
3.5141652585972967,-4.608698216411022,3.130287602577059
3.183829333395925,-4.598110209519923,3.0895869671646046
2.8441832559335145,-4.575943411499115,3.0635266294181136
2.5008086149211506,-4.546727388598624,3.049924043630368
2.1592869813805633,-4.514991696488267,3.0479312812700563
1.824534907022993,-4.484868134925868,3.0558704430186943
1.4983782391391074,-4.458639916814566,3.0669743519811954
1.1796641955039804,-4.43680870152851,3.0795645680877626
0.8666870671765294,-4.419545436435779,3.093530291609845
0.5577411452156729,-4.407021068904452,3.1087040451762746
0.2511207206803287,-4.399406546302612,3.1248661024529403
-0.05487991537058562,-4.3968728159983375,-3.141431268698336
-0.3619664718781519,-4.3995908253597085,-3.1241085983449945
-0.6718446577834523,-4.407731521754805,-3.106654160273892
-0.9862201820275692,-4.421465852551709,-3.0893649923467037
-1.3067987535515846,-4.440964765118499,-3.0725157875877973
-1.6352860812965806,-4.466399206823256,-3.056345664496706
-1.9733635939426855,-4.497929391663673,-3.0410970693788415
-2.3218398898473263,-4.535329688890768,-3.028453162192751
-2.679624910594821,-4.5775351445531,-3.019992713575007
-3.044513324649091,-4.622987785307687,-3.0153766403957016
-3.4142346340650267,-4.6701008302461675,-3.0143231082981377
-3.7865183408975196,-4.717287498460182,-3.0167041388159
-4.159093947201461,-4.762961009041374,-3.0225299171754054
-4.529690955031745,-4.805534581081381,-3.0319461187741927
-4.8960388664432575,-4.843421433671844,-3.045243363703602
-5.255867183490892,-4.875034785904405,-3.062879674623709
-5.606905408229538,-4.898787856870704,-3.0855185681763326
-5.94688304271409,-4.913093865662379,-3.1140873411254764
-6.273529588999437,-4.916366031371075,3.133323147575374
-6.58457454914047,-4.907017573088429,3.088597360475608
-6.87774742519208,-4.883461709906083,3.032546396302758
-7.150777719209158,-4.844111660915676,2.9619741116589293
-7.401394933246596,-4.787380645208851,2.872695758361556
-7.627328569359287,-4.711681881877248,2.759591295176893
-7.826308129602119,-4.615428590012506,2.6173653512519985
-7.996108734059669,-4.4970608964450856,2.44335589810863
-8.135600335528906,-4.355664713737123,2.253180621137534
-8.245751316172235,-4.191563710436467,2.0719522948124665
-8.328624890864466,-4.005727340822644,1.9120115028814295
-8.38632989251008,-3.7991519669139935,1.7784152100946953
-8.420975154013561,-3.5728339507288602,1.670668815028156
-8.434669508279399,-3.32776965428559,1.5855327919183915
-8.429521788212078,-3.0649554396025263,1.5191125667426295
-8.407640826716086,-2.785387668698012,1.4678564975982462
-8.37113545669591,-2.490062703590392,1.428863185448212
-8.322114511056036,-2.17997690629801,1.3998807493013428
-8.26268682270095,-1.8561266388392093,1.3792055565170824
-8.194961224535136,-1.5195082632323333,1.3655675984589764
-8.121046549463081,-1.171118141495727,1.3580316380771913
-8.043051630389275,-0.8119526356477339,1.3559198750438355
-7.963085300218204,-0.44300810770669846,1.3587539353075226
-7.883256391854349,-0.06528091969096361,1.3662120838355332
-7.8056737382022,0.3202325663811266,1.3780977003587656
-7.732446172166244,0.7125359884912279,1.3943157124443213
-7.665682526650967,1.1106329846209966,1.4148543122148345
-7.607491634560852,1.513527192752089,1.4397697389713968
-7.5599823288003885,1.920222250866165,1.4691721749015532
-7.5252634422740625,2.329721796944873,1.5032109121007224
-7.505443303295268,2.7410294589673905,1.5420545258747236
-7.502161243948849,3.153139568025761,1.583602402522205
-7.515251891749383,3.5650106806499497,1.621548297768026
-7.542976996178613,3.975570174292885,1.6549373016981208
-7.583361641618254,4.383740735007884,1.6839570402066857
-7.634430912450025,4.788445048848269,1.7087707778949837
-7.69420989305564,5.188605801867354,1.7295029951178948
-7.760723667816814,5.583145680118463,1.746227115880435
-7.831997321115269,5.970987369654913,1.75895373583977
-7.906055937332716,6.351053556530024,1.767617693037678
-7.980924600850874,6.722266926797115,1.7720622045367505
-8.05462839605146,7.083550166509505,1.7720179904838622
-8.125192407316185,7.433825961720512,1.7670747588310214
-8.190641719026772,7.772016998483458,1.7566415680065437
-8.249001415564933,8.09704596285166,1.7398913976876154
-8.298296581312389,8.407835540878438,1.715683882289884
-8.336552300650853,8.70330841861711,1.682459294210155
-8.36179365796204,8.982387282120998,1.6380988216706192
-8.372045737627671,9.243994817443419,1.5797576433256657
-8.36533362402946,9.487053710637696,1.5037154769368823
-8.339682401549124,9.71048664775714,1.405391968239524
-8.293117154568378,9.913216314855076,1.2798965679633982
-8.22366296746894,10.094165397984824,1.1237865360773083
-8.129344924632527,10.2522565831997,0.9385411829536315
-8.008209074969558,10.38643052255198,0.7345707910836026
-7.859076167233254,10.496291763608056,0.5396300475294379
-7.682465778521969,10.582900701031893,0.3780408418806836
-7.479902430171107,10.648178937834306,0.25074556871669024
-7.252970494722064,10.694099367790585,0.15268441932912208
-7.003254344716238,10.722634884676024,0.0778451930521897
-6.732338352695029,10.735758382265914,0.02102249718752257
-6.441806891199833,10.735442754335544,-0.02180723651681285
-6.133244332772048,10.723660894660208,-0.05361413542853543
-5.808235049953072,10.702385697015195,-0.07655036071206545
-5.468363415284301,10.673590055175797,-0.09216255578537408
-5.115213801307136,10.639246862917307,-0.10155402077030488
-4.750370580562971,10.601329014015015,-0.10550095530345488
-4.375418125593207,10.561809402244211,-0.10453358409743371
-3.9919408089392405,10.52266092138019,-0.09899206820477606
-3.6015230031424683,10.485856465198243,-0.08906473514226364
-3.205749080744286,10.453368927473655,-0.07481404004299737
-2.8062034142860988,10.427171201981725,-0.05619414716523536
-2.4044703763093005,10.409236182497743,-0.03306307098265551
-2.002129155785902,10.401499050088699,-0.0053792198192377455
-1.600631689333385,10.404969169927309,0.022714041030510928
-1.201184173242118,10.418868040065533,0.0469166675748123
-0.8048636281226551,10.441477349638081,0.0671376459855862
-0.4127415704476989,10.471038742797203,0.08344257378847518
-0.025889516689951736,10.505793863695146,0.09584419511323332
0.3546210166778839,10.543984356484154,0.10429149009610637
0.7277185131831053,10.583851865316475,0.10865707534774735
1.0923314563530098,10.623638034344356,0.10872150750419263
1.4473883297148948,10.661584507720043,0.10415286527351977
1.7918176167960578,10.695932929595784,0.09447966320400936
2.1245478011237955,10.724924944123824,0.07905477493947813
2.4445073662254053,10.746802195456413,0.05700779900635976
2.7506247956281857,10.759806327745796,0.02718369816684154
3.0418285728594325,10.762178985144217,-0.011932127640658076
3.317047181446444,10.752161811803926,-0.06229490499852934
3.5752091049165178,10.727996451877171,-0.12636161689945324
3.8152428267969496,10.687924549516193,-0.20706441596653008
4.036076830615041,10.630187748873244,-0.30754999309694353
4.2366395998980835,10.553027694100567,-0.4304354019806804
4.415859618173377,10.454686029350416,-0.5763316162952254
4.5,10.4,0.0
